RENGLON,A�O,ENTIDAD,CVE_GEO,CRE_NAT,CRE_SOC,CRE_TOT,DEF,EDAD_MED,EMI_EST,EMI_INT,EVH,EVM,EV,HOM_MIT_A�O,IND_ENV,INM_EST,INM_INT,MIG_NET_EST,MIG_NET_INT,MUJ_MIT_A�O,NAC,POB_MIT_A�O,MUJ_12_14,MUJ_15_17,MUJ_15_19,MUJ_15_29,MUJ_15_49,MUJ_18_24,MUJ_20_24,MUJ_3_5,MUJ_30_64,MUJ_6_11,MUJ_65_MAS,HOM_12_14,HOM_15_17,HOM_15_19,HOM_15_29,HOM_15_49,HOM_18_24,HOM_20_24,HOM_3_5,HOM_30_64,HOM_6_11,HOM_65_MAS,POB_12_14,POB_15_17,POB_15_19,POB_15_29,POB_15_49,POB_18_24,POB_20_24,POB_3_5,POB_30_64,POB_6_11,POB_65_MAS,RAZ_DEP_ADU,RAZ_DEP_INF,RAZ_DEP,T_BRU_MOR,T_BRU_NAT,T_CRE_NAT,T_CRE_SOC,T_CRE_TOT,T_EMI_EST,T_INM_EST,T_MIG_NET_EST,T_MIG_NET_INT,TMIH,TMIM,TMI,TEF_ADO,TGF
1,1950,Rep�blica Mexicana,0,771494,-28552,742942,488080,17.11,0,31089,45.91,48.76,47.34,13495744,6.72,0,2537,0,-28552,13530829,1259574,27026573,913612,836303,1354382,3463334,6198487,1664854,1146775,1265903,3803433,2123318,427476,932414,851158,1377311,3508333,6187357,1688145,1161992,1293140,3661134,2170111,365423,1846026,1687461,2731693,6971667,12385844,3352999,2308767,2559043,7464567,4293429,792899,5.49,81.72,87.21,18.06,46.61,2.85,-0.11,2.75,0,0,0,-0.11,138.63,120.64,129.85,149.49,6.57
2,1951,Rep�blica Mexicana,0,797550,-33378,764172,511172,17,0,37034,45.53,48.25,46.9,13871508,6.8,0,3656,0,-33378,13908627,1308722,27780135,938932,856386,1386622,3555366,6337070,1710721,1180485,1309697,3887150,2187898,445730,958064,870459,1407806,3598248,6324147,1732318,1194971,1337880,3742914,2236078,381433,1896996,1726845,2794428,7153614,12661217,3443039,2375456,2647577,7630064,4423976,827163,5.6,82.32,87.91,18.4,47.11,2.87,-0.12,2.75,0,0,0,-0.12,139.83,121.47,130.87,152.02,6.66
3,1952,Rep�blica Mexicana,0,867222,-34371,832851,487182,17,0,42009,47.52,50.43,48.98,14270386,6.85,0,7638,0,-34371,14308255,1354404,28578641,966306,877736,1420166,3649012,6480135,1755915,1213485,1356911,3974952,2255859,464211,985879,891419,1439997,3689848,6465975,1775435,1226857,1386094,3829259,2305617,397636,1952185,1769155,2860163,7338860,12946110,3531350,2440342,2743005,7804211,4561476,861847,5.69,83.03,88.72,17.05,47.39,3.03,-0.12,2.91,0,0,0,-0.12,130.46,113.15,122.02,153.13,6.72
4,1953,Rep�blica Mexicana,0,882943,-35106,847837,518724,17,0,45825,46.88,49.87,48.36,14690278,6.91,0,10719,0,-35106,14728717,1401667,29418995,995553,900884,1456017,3745691,6630085,1800920,1245787,1405168,4067546,2328445,483397,1015205,914132,1474419,3783388,6613993,1817545,1257258,1435335,3921535,2379180,415185,2010758,1815016,2930436,7529079,13244078,3618465,2503045,2840503,7989081,4707625,898582,5.79,83.79,89.58,17.63,47.64,3,-0.12,2.88,0,0,0,-0.12,136.19,117.92,127.28,154.67,6.78
5,1954,Rep�blica Mexicana,0,974839,-36906,937933,462766,17,0,49770,50.51,53.48,52,15137087,6.97,0,12864,0,-36906,15174790,1437605,30311877,1025374,926125,1494797,3846467,6788865,1846279,1277607,1456265,4166394,2407526,504012,1045153,939134,1512235,3881069,6771376,1859957,1286856,1488031,4020584,2459436,433984,2070527,1865259,3007032,7727536,13560241,3706236,2564463,2944296,8186978,4866962,937996,5.89,84.57,90.47,15.27,47.43,3.22,-0.12,3.09,0,0,0,-0.12,119.73,103.49,111.81,154.93,6.77
6,1955,Rep�blica Mexicana,0,1021567,-37973,983594,463432,17,0,53644,51.32,54.09,52.71,15619305,7,0,15671,0,-37973,15653331,1484999,31272636,1055858,953835,1537375,3953019,6958346,1892544,1309004,1514533,4271174,2494435,524647,1076253,967049,1554728,3985591,6940948,1903915,1316236,1548989,4125453,2548376,452293,2132111,1920884,3092103,7938610,13899294,3796459,2625240,3063522,8396627,5042811,976940,5.98,85.46,91.44,14.82,47.49,3.27,-0.12,3.15,0,0,0,-0.12,114.46,98.76,106.8,155.93,6.81
7,1956,Rep�blica Mexicana,0,1075718,-41621,1034097,459817,16.95,0,57693,52.21,55.14,53.68,16125998,7.01,0,16072,0,-41621,16155480,1535535,32281478,1088042,983276,1582880,4063933,7135618,1940343,1340739,1580562,4379508,2585586,545290,1109151,996712,1600279,4094232,7118230,1949556,1345989,1617503,4234175,2641752,470702,2197193,1979988,3183159,8158165,14253848,3889899,2686728,3198065,8613683,5227338,1015992,6.06,86.42,92.47,14.24,47.57,3.33,-0.13,3.2,0,0,0,-0.13,109.95,94.7,102.51,156.79,6.85
8,1957,Rep�blica Mexicana,0,1123464,-46239,1077225,465254,16.68,0,61753,52.72,55.48,54.11,16656412,7.01,0,15514,0,-46239,16680736,1588718,33337148,1123204,1013123,1630117,4177250,7319459,1990809,1373815,1652241,4491733,2682535,565930,1145152,1026790,1647593,4205015,7301825,1998116,1377313,1691380,4346917,2741567,489206,2268356,2039913,3277710,8382265,14621284,3988925,2751128,3343621,8838650,5424102,1055136,6.13,87.46,93.59,13.96,47.66,3.37,-0.14,3.23,0,0,0,-0.14,106.32,91.41,99.04,157.2,6.9
9,1958,Rep�blica Mexicana,0,1179375,-51678,1127697,463627,16.39,0,65685,53.56,56.39,54.98,17210686,6.99,0,14007,0,-51678,17228918,1643002,34439604,1161592,1043181,1678981,4293174,7510055,2044646,1408846,1725540,4607474,2788843,586952,1184495,1057147,1696623,4318378,7492180,2050439,1410963,1767175,4463441,2851501,508197,2346087,2100328,3375604,8611552,15002235,4095085,2819809,3492715,9070915,5640344,1095149,6.19,88.57,94.77,13.46,47.71,3.42,-0.15,3.27,0,0,0,-0.15,103.51,88.84,96.35,156.97,6.94
10,1959,Rep�blica Mexicana,0,1233232,-57680,1175552,463238,16.1,0,69155,54.35,57.19,55.77,17789665,6.99,0,11475,0,-57680,17801564,1696470,35591229,1202723,1074894,1730426,4413502,7709721,2102008,1446476,1800543,4727251,2904167,609519,1226647,1089293,1748407,4436290,7691626,2106686,1447572,1845208,4583998,2970426,528512,2429370,2164187,3478833,8849792,15401347,4208694,2894048,3645751,9311249,5874593,1138031,6.27,89.71,95.98,13.02,47.67,3.46,-0.16,3.3,0,0,0,-0.16,101.16,86.67,94.09,156.6,6.97
11,1960,Rep�blica Mexicana,0,1278971,-63913,1215058,468510,16,0,72234,54.83,57.62,56.23,18390799,6.99,0,8321,0,-63913,18395744,1747481,36786543,1246895,1109542,1784522,4538393,7918953,2162075,1487095,1877254,4850442,3027681,633626,1271866,1124542,1803078,4559131,7900812,2166007,1487471,1925052,4708029,3097966,550245,2518761,2234084,3587600,9097524,15819765,4328082,2974566,3802306,9558471,6125647,1183871,6.35,90.84,97.18,12.74,47.5,3.48,-0.17,3.3,0,0,0,-0.17,98.97,84.65,91.98,156,6.99
12,1961,Rep�blica Mexicana,0,1332818,-69221,1263597,462737,16,0,75410,55.91,58.72,57.32,19014199,7.01,0,6189,0,-69221,19011672,1795555,38025871,1294554,1147435,1841914,4669722,8139386,2225042,1530563,1955406,4976565,3158703,660215,1320501,1163159,1861256,4688907,8121402,2228516,1530419,2005718,4835001,3234118,574213,2615055,2310594,3703170,9358629,16260788,4453558,3060982,3961124,9811566,6392821,1234428,6.44,91.92,98.36,12.17,47.22,3.51,-0.18,3.32,0,0,0,-0.18,96.74,82.59,89.84,155,6.99
13,1962,Rep�blica Mexicana,0,1371661,-74234,1297427,469709,16,0,79746,56.24,58.96,57.6,19658429,7.04,0,5512,0,-74234,19647943,1841370,39306372,1343598,1188059,1904186,4809107,8372194,2291943,1575816,2033922,5104645,3298832,689304,1370683,1204527,1924405,4827202,8354446,2295126,1575248,2086476,4963951,3379747,600472,2714281,2392586,3828591,9636309,16726640,4587069,3151064,4120398,10068596,6678579,1289776,6.55,92.93,99.48,11.95,46.85,3.49,-0.19,3.3,0,0,0,-0.19,94.49,80.52,87.67,153.5,6.97
14,1963,Rep�blica Mexicana,0,1408446,-79933,1328513,477731,16,0,86216,56.47,59.11,57.79,20319147,7.09,0,6283,0,-79933,20300199,1886177,40619346,1395241,1231632,1971734,4957159,8617169,2362700,1622598,2111327,5232952,3445908,719598,1424089,1248708,1992671,4974338,8599345,2365563,1621600,2165902,5093136,3532127,628022,2819330,2480340,3964405,9931497,17216514,4728263,3244198,4277229,10326088,6978035,1347620,6.65,93.86,100.51,11.76,46.44,3.47,-0.2,3.27,0,0,0,-0.2,92.31,78.52,85.58,151.53,6.94
15,1964,Rep�blica Mexicana,0,1459575,-86025,1373550,471747,15.84,0,94497,57.31,60.2,58.76,20998292,7.15,0,8472,0,-86025,20972085,1931322,41970377,1452680,1278580,2044167,5115084,8876206,2437401,1671814,2186821,5363338,3595896,752304,1484009,1295936,2065320,5130968,8857278,2439643,1670259,2243224,5223895,3686901,657600,2936689,2574516,4109487,10246052,17733484,4877044,3342073,4430045,10587233,7282797,1409904,6.77,94.69,101.46,11.24,46.02,3.48,-0.2,3.27,0,0,0,-0.2,90.29,76.67,83.65,149.22,6.9
16,1965,Rep�blica Mexicana,0,1496676,-92514,1404162,480521,15.66,0,104162,57.36,60.43,58.9,21695067,7.22,0,11648,0,-92514,21664164,1977197,43359231,1517530,1326800,2119665,5281494,9147858,2516354,1723489,2259969,5496589,3747798,787341,1551026,1344323,2140643,5295496,9126457,2517406,1721086,2318134,5356577,3843543,688862,3068556,2671123,4260308,10576990,18274315,5033760,3444575,4578103,10853166,7591341,1476203,6.89,95.44,102.33,11.08,45.6,3.45,-0.21,3.24,0,0,0,-0.21,88.56,75.06,81.97,146.71,6.87
17,1966,Rep�blica Mexicana,0,1536237,-100715,1435522,488239,15.51,0,114814,57.42,60.79,59.1,22405763,7.29,0,14099,0,-100715,22373315,2024476,44779078,1587731,1377499,2199688,5457718,9432705,2600115,1777926,2330814,5632310,3900182,823233,1622959,1395554,2220523,5469318,9407424,2599181,1774212,2390791,5490573,4000167,720400,3210690,2773053,4420211,10927036,18840129,5199296,3552138,4721605,11122883,7900349,1543633,7,96.08,103.08,10.9,45.21,3.43,-0.22,3.21,0,0,0,-0.22,87.02,73.62,80.48,143.87,6.83
18,1967,Rep�blica Mexicana,0,1586205,-110937,1475268,486967,15.39,0,126326,57.94,61.62,59.77,23132262,7.36,0,15389,0,-110937,23102207,2073172,46234469,1659353,1433805,2287444,5647441,9734706,2690266,1836627,2400197,5772444,4051854,860565,1696400,1452895,2308222,5655900,9703934,2686308,1830981,2462016,5627686,4154986,752493,3355753,2886700,4595666,11303341,19438640,5376574,3667608,4862213,11400130,8206840,1613058,7.1,96.54,103.64,10.53,44.84,3.43,-0.24,3.19,0,0,0,-0.24,85.45,72.16,78.97,140.71,6.79
19,1968,Rep�blica Mexicana,0,1619485,-123283,1496202,503181,15.3,0,138810,57.63,61.41,59.51,23872176,7.43,0,15527,0,-123283,23848022,2122666,47720198,1732252,1497211,2382309,5850096,10052570,2785033,1899935,2468933,5916685,4201157,897810,1771481,1516859,2402487,5853923,10014012,2777270,1891642,2532555,5767746,4306894,783967,3503733,3014070,4784796,11704019,20066582,5562303,3791577,5001488,11684431,8508051,1681777,7.19,96.84,104.03,10.54,44.48,3.39,-0.26,3.14,0,0,0,-0.26,83.71,70.56,77.29,137.75,6.74
20,1969,Rep�blica Mexicana,0,1673614,-137503,1536111,500545,15.24,0,152017,58.07,62.23,60.14,24625234,7.48,0,14514,0,-137503,24611128,2174159,49236362,1806498,1565708,2483441,6065002,10385549,2885060,1967327,2538196,6065635,4346872,934476,1847792,1585336,2502911,6062866,10336918,2873050,1955475,2603438,5911084,4454803,814211,3654290,3151044,4986352,12127868,20722467,5758110,3922802,5141634,11976719,8801675,1748687,7.25,97.01,104.26,10.17,44.16,3.4,-0.28,3.12,0,0,0,-0.28,81.67,68.71,75.35,135.71,6.69
21,1970,Rep�blica Mexicana,0,1697684,-152104,1545580,524901,15.23,0,165368,57.61,62.14,59.85,25388301,7.55,0,13264,0,-152104,25390428,2222585,50778729,1881395,1635010,2591476,6290523,10732385,2993145,2036679,2608002,6221514,4487869,974029,1923876,1654546,2610281,6281294,10671561,2976274,2020539,2674564,6059752,4597553,845802,3805271,3289556,5201757,12571817,21403946,5969419,4057218,5282566,12281266,9085422,1819831,7.32,96.99,104.32,10.34,43.77,3.34,-0.3,3.04,0,0,0,-0.3,83.17,69.85,76.67,134.67,6.62
22,1971,Rep�blica Mexicana,0,1768093,-162743,1605350,492387,15.26,0,177959,59.43,63.81,61.6,26166899,7.62,0,15216,0,-162743,26187339,2260480,52354238,1956579,1705600,2705500,6528699,11095584,3110035,2110135,2679728,6384477,4626046,1014468,1999802,1725343,2723001,6511151,11020977,3087194,2089536,2747621,6215189,4737418,878097,3956381,3430943,5428501,13039850,22116561,6197229,4199671,5427349,12599666,9363464,1892565,7.38,96.81,104.19,9.4,43.18,3.38,-0.31,3.07,0,0,0,-0.31,77.24,64.75,71.15,133.93,6.51
23,1972,Rep�blica Mexicana,0,1804312,-170298,1634014,494337,15.32,0,191538,59.77,64.26,62,26967851,7.69,0,21240,0,-170298,27006102,2298649,53973953,2031408,1778225,2822882,6782737,11478688,3236238,2191581,2754417,6554462,4764001,1053930,2075066,1798137,2838599,6755888,11389231,3206939,2166477,2823785,6377853,4877250,910057,4106474,3576362,5661481,13538625,22867919,6443177,4358058,5578202,12932315,9641251,1963987,7.42,96.48,103.9,9.16,42.59,3.34,-0.32,3.03,0,0,0,-0.32,75.12,62.86,69.14,133.43,6.39
24,1973,Rep�blica Mexicana,0,1833406,-175335,1658071,495686,15.42,0,206500,60.1,64.73,62.39,27781487,7.76,0,31165,0,-175335,27838508,2329092,55619995,2104364,1852178,2942430,7050813,11879536,3370410,2280158,2829875,6731204,4902278,1093204,2148261,1871520,2956389,7013601,11774169,3334837,2249968,2900682,6547357,5017373,941920,4252625,3723698,5898819,14064414,23653705,6705247,4530126,5730557,13278561,9919651,2035124,7.44,95.97,103.42,8.91,41.88,3.3,-0.32,2.98,0,0,0,-0.32,73.23,61.17,67.35,132.64,6.25
25,1974,Rep�blica Mexicana,0,1866253,-176626,1689627,484999,15.57,0,221645,60.58,66.21,63.35,28606863,7.83,0,45019,0,-176626,28687002,2351252,57293865,2175192,1926725,3063688,7332069,12299808,3512474,2375511,2904323,6918332,5042930,1134394,2219222,1945027,3075434,7283333,12177019,3470586,2340179,2976835,6726253,5159565,973981,4394414,3871752,6139122,14615402,24476827,6983060,4715690,5881158,13644585,10202495,2108375,7.46,95.28,102.74,8.47,41.04,3.26,-0.31,2.95,0,0,0,-0.31,71.66,59.75,65.85,131.54,6.07
26,1975,Rep�blica Mexicana,0,1882735,-173524,1709211,482874,15.76,0,234986,61.13,66.68,63.86,29444095,7.92,0,61462,0,-173524,29549139,2365609,58993234,2244188,2000732,3185795,7625712,12739671,3664206,2479143,2975661,7116918,5187002,1177344,2288421,2017762,3194612,7565052,12599224,3616011,2439161,3050411,6916495,5304917,1006770,4532609,4018494,6380407,15190764,25338895,7280217,4918304,6026072,14033413,10491919,2184114,7.47,94.39,101.86,8.19,40.1,3.19,-0.29,2.9,0,0,0,-0.29,70.37,58.57,64.61,130.07,5.88
27,1976,Rep�blica Mexicana,0,1881240,-171313,1709927,483874,15.99,0,246274,61.29,67.18,64.18,30286894,8.01,0,74961,0,-171313,30415911,2365114,60702805,2312159,2073215,3307371,7930239,13197649,3823614,2589458,3041388,7326248,5334005,1219786,2356653,2089029,3313216,7857748,13039923,3768824,2544637,3118726,7117987,5453124,1039512,4668812,4162244,6620587,15787987,26237572,7592438,5134095,6160114,14444235,10787129,2259298,7.47,93.32,100.79,7.97,38.96,3.1,-0.28,2.82,0,0,0,-0.28,69.03,57.36,63.34,127.82,5.65
28,1977,Rep�blica Mexicana,0,1884818,-171363,1713455,479017,16,0,255662,61.64,67.97,64.74,31129123,8.1,0,84299,0,-171363,31285416,2363835,62414539,2380126,2143793,3427211,8244256,13672511,3986556,2703138,3098959,7547785,5482632,1262345,2424766,2158455,3429990,8159237,13495982,3924517,2652982,3178533,7330399,5603210,1071703,4804892,4302248,6857201,16403493,27168493,7911073,5356120,6277492,14878184,11085842,2334048,7.46,92.06,99.52,7.67,37.87,3.02,-0.27,2.75,0,0,0,-0.27,67.37,55.88,61.76,125.39,5.43
29,1978,Rep�blica Mexicana,0,1893211,-173103,1720108,470092,16,0,263548,62.34,68.76,65.48,31971694,8.21,0,90445,0,-173103,32159642,2363303,64131336,2449043,2212638,3544645,8566271,14163757,4151745,2819738,3146495,7782822,5630638,1305684,2493623,2226089,3544088,8467189,13965474,4081883,2763884,3227689,7554502,5753081,1104238,4942666,4438727,7088733,17033460,28129231,8233628,5583622,6374184,15337324,11383719,2409922,7.44,90.67,98.11,7.33,36.85,2.95,-0.27,2.68,0,0,0,-0.27,65.23,54.01,59.76,122.55,5.21
30,1979,Rep�blica Mexicana,0,1896271,-179890,1716381,468053,16,0,272195,62.62,69.36,65.91,32811683,8.32,0,92305,0,-179890,33037848,2364324,65849531,2519737,2280400,3659687,8894532,14670309,4317580,2938293,3181813,8031622,5774188,1349427,2563942,2292263,3655088,8778603,14445163,4238327,2875502,3264191,7789490,5898507,1136867,5083679,4572663,7314775,17673135,29115472,8555907,5813795,6446004,15821112,11672695,2486294,7.42,89.18,96.6,7.11,35.9,2.88,-0.27,2.61,0,0,0,-0.27,62.69,51.82,57.39,119.22,5.01
31,1980,Rep�blica Mexicana,0,1897945,-190953,1706992,469223,16.3,0,281437,62.86,69.69,66.2,33644009,8.44,0,90484,0,-190953,33917207,2367168,67561216,2592763,2347916,3772965,9229435,15190783,4482524,3057475,3205221,8291973,5908515,1392732,2636256,2357596,3763347,9092587,14931818,4391378,2985627,3288383,8032266,6034568,1168658,5229019,4705512,7536312,18322022,30122601,8873902,6043102,6493604,16324239,11943083,2561390,7.39,87.61,95,6.95,35.04,2.81,-0.28,2.53,0,0,0,-0.28,59.86,49.4,54.76,115.39,4.82
32,1981,Rep�blica Mexicana,0,1911785,-205636,1706149,460206,16.7,0,293744,63.6,70.4,66.93,34469942,8.56,0,88108,0,-205636,34797907,2371991,69267849,2668005,2416052,3885586,9568745,15725725,4645177,3175643,3220707,8565550,6029392,1436389,2710473,2422903,3869851,9406520,15426226,4540023,3093075,3304490,8285350,6157005,1200805,5378478,4838955,7755437,18975265,31151951,9185200,6268718,6525197,16850900,12186397,2637194,7.36,85.98,93.34,6.64,34.24,2.76,-0.3,2.46,0,0,0,-0.3,56.81,46.81,51.93,111.08,4.64
33,1982,Rep�blica Mexicana,0,1927017,-222717,1704300,450682,17,0,308996,64.31,71.22,67.69,35291566,8.7,0,86279,0,-222717,35681486,2377699,70973052,2744104,2485592,3998881,9908762,16276035,4804511,3291222,3233835,8856414,6132081,1482121,2785295,2489029,3975946,9717189,15929917,4683535,3196618,3318390,8552971,6261032,1234609,5529399,4974621,7974827,19625951,32205952,9488046,6487840,6552225,17409385,12393113,2716730,7.34,84.3,91.64,6.35,33.5,2.72,-0.31,2.4,0,0,0,-0.31,53.65,44.14,49.01,106.64,4.48
34,1983,Rep�blica Mexicana,0,1937136,-244101,1693035,445888,17,0,327591,65.18,71.41,68.25,36108862,8.86,0,83490,0,-244101,36562813,2383024,72671675,2818957,2557018,4113861,10248554,16840975,4959876,3403033,3248113,9163672,6214310,1529062,2859185,2556742,4083082,10025744,16444525,4822098,3295758,3333766,8835255,6344186,1270713,5678142,5113760,8196943,20274298,33285500,9781974,6698791,6581879,17998927,12558496,2799775,7.32,82.56,89.88,6.14,32.79,2.67,-0.34,2.33,0,0,0,-0.34,50.51,41.5,46.12,102.41,4.32
35,1984,Rep�blica Mexicana,0,1947481,-265908,1681573,440711,17,0,347413,65.81,71.92,68.83,36920992,9.04,0,81505,0,-265908,37438035,2388192,74359027,2890333,2630161,4230761,10587185,17419596,5111482,3510882,3263532,9486764,6277990,1576976,2930268,2626106,4191931,10332246,16970820,4956675,3390850,3350643,9132699,6408580,1309378,5820601,5256267,8422692,20919431,34390416,10068157,6901732,6614175,18619463,12686570,2886354,7.3,80.77,88.07,5.93,32.12,2.62,-0.36,2.26,0,0,0,-0.36,47.62,39.06,43.44,98.47,4.18
36,1985,Rep�blica Mexicana,0,1947767,-286263,1661504,445001,17.47,0,366476,66.06,72.06,69.02,37724679,9.23,0,80213,0,-286263,38305856,2392768,76030535,2955826,2703765,4348899,10923328,18010610,5260534,3615400,3279693,9825619,6326261,1626142,2995951,2696046,4302169,10635498,17507419,5088820,3482697,3368635,9444314,6457766,1349532,5951777,5399811,8651068,21558826,35518029,10349354,7098097,6648328,19269933,12784027,2975674,7.29,78.93,86.22,5.85,31.47,2.56,-0.38,2.19,0,0,0,-0.38,45.1,36.95,41.12,95.07,4.04
37,1986,Rep�blica Mexicana,0,1961650,-304721,1656929,435585,17.98,0,384565,66.88,72.76,69.78,38522521,9.45,0,79844,0,-304721,39167236,2397235,77689757,3012942,2775910,4466865,11255301,18612517,5408782,3717827,3295682,10180923,6363204,1677732,3053396,2765332,4413300,10935894,18054693,5220880,3572912,3386843,9770705,6496166,1392084,6066338,5541242,8880165,22191195,36667210,10629662,7290739,6682525,19951628,12859370,3069816,7.28,77.06,84.35,5.61,30.86,2.52,-0.39,2.13,0,0,0,-0.39,42.94,35.14,39.14,92.28,3.91
38,1987,Rep�blica Mexicana,0,1965606,-323074,1642532,436227,18,0,403556,67.26,73.09,70.14,39316464,9.7,0,80482,0,-323074,40023034,2401833,79339498,3059795,2844517,4582196,11580701,19222929,5557360,3819681,3310617,10553374,6393002,1732570,3100524,2832160,4523238,11232143,18611421,5354333,3663255,3404311,10112663,6528234,1437788,6160319,5676677,9105434,22812844,37834350,10911693,7482936,6714928,20666037,12921236,3170358,7.29,75.19,82.48,5.5,30.27,2.48,-0.41,2.07,0,0,0,-0.41,40.99,33.5,37.34,90.12,3.78
39,1988,Rep�blica Mexicana,0,1962949,-343276,1619673,443546,18.02,0,425571,67.24,73.31,70.24,40100754,9.96,0,82295,0,-343276,40869852,2406495,80970606,3094077,2907118,4691087,11895984,19837179,5706135,3922166,3324139,10941797,6420421,1789240,3135186,2893682,4627708,11520158,19171839,5488820,3754794,3420463,10467868,6558819,1484495,6229263,5800800,9318795,23416142,39009018,11194955,7676960,6744602,21409665,12979240,3273735,7.3,73.33,80.63,5.48,29.72,2.42,-0.42,2,0,0,0,-0.42,39.1,31.91,35.59,88.5,3.66
40,1989,Rep�blica Mexicana,0,1962092,-364889,1597203,449245,18.6,0,449906,67.49,73.49,70.46,40873422,10.24,0,85017,0,-364889,41705610,2411337,82579032,3116096,2961172,4789495,12197452,20450133,5853982,4025659,3336557,11345371,6448004,1847840,3157734,2946814,4722478,11796303,19731180,5623592,3847928,3435470,10835772,6590459,1532509,6273830,5907986,9511973,23993755,40181313,11477574,7873587,6772027,22181143,13038463,3380349,7.32,71.52,78.84,5.44,29.2,2.38,-0.44,1.93,0,0,0,-0.44,40.24,32.81,36.62,87.21,3.55
41,1990,Rep�blica Mexicana,0,1969095,-385228,1583867,446498,19,0,473828,67.97,73.94,70.93,41637951,10.53,0,88600,0,-385228,42531620,2415593,84169571,3129734,3004826,4874288,12482163,21057421,5999059,4129597,3348434,11763589,6475262,1909244,3172188,2989549,4804411,12057981,20286243,5757087,3942225,3449833,11217121,6622556,1583299,6301922,5994375,9678699,24540144,41343664,11756146,8071822,6798267,22980710,13097818,3492543,7.35,69.77,77.12,5.3,28.7,2.34,-0.46,1.88,0,0,0,-0.46,38.39,31.27,34.91,86.14,3.45
42,1991,Rep�blica Mexicana,0,1980503,-406014,1574489,437758,19,0,498944,68.63,74.61,71.59,42397268,10.85,0,92930,0,-406014,43351474,2418261,85748742,3139960,3035630,4941504,12748241,21657138,6139697,4233823,3359074,12196855,6500583,1974107,3183428,3020344,4871316,12307947,20839145,5891151,4040179,3461371,11611270,6651984,1636854,6323388,6055974,9812820,25056188,42496283,12030848,8274002,6820445,23808125,13152567,3610961,7.39,68.09,75.48,5.11,28.2,2.31,-0.47,1.84,0,0,0,-0.47,34.07,27.73,30.98,85.3,3.36
43,1992,Rep�blica Mexicana,0,1978229,-425602,1552627,440340,19.41,0,523882,68.92,74.9,71.89,43148193,11.19,0,98280,0,-425602,44164144,2418569,87312337,3150892,3054856,4991103,12994166,22245436,6272288,4336041,3368357,12640988,6524397,2042702,3194956,3038403,4919205,12540523,21383832,6019469,4138667,3469811,12016490,6678053,1693496,6345848,6093259,9910308,25534689,43629268,12291757,8474708,6838168,24657478,13202450,3736198,7.44,66.51,73.96,5.04,27.7,2.27,-0.49,1.78,0,0,0,-0.49,32.78,26.65,29.79,84.64,3.27
44,1993,Rep�blica Mexicana,0,1968744,-444261,1524483,447494,20,0,548902,69.19,74.88,72.02,43885935,11.54,0,104641,0,-444261,44964921,2416238,88850856,3162685,3066055,5025554,13220307,22821715,6392080,4432581,3377106,13094847,6546484,2113325,3207525,3046117,4946250,12744638,21908279,6128496,4228363,3479296,12432240,6703278,1753113,6370210,6112172,9971804,25964945,44729994,12520576,8660944,6856402,25527087,13249762,3866438,7.51,65.04,72.55,5.04,27.19,2.22,-0.5,1.72,0,0,0,-0.5,31.68,25.73,28.78,84.07,3.18
45,1994,Rep�blica Mexicana,0,1958065,-458917,1499148,451820,20,0,570994,69.44,75.09,72.25,44608911,11.91,0,112077,0,-458917,45753798,2409885,90362709,3175329,3075162,5050328,13431188,23388157,6496569,4521403,3386526,13556953,6566871,2185518,3221373,3052823,4963390,12928076,22416622,6216999,4306432,3491164,12855452,6727131,1815227,6396702,6127985,10013718,26359264,45804779,12713568,8827835,6877690,26412405,13294002,4000745,7.58,63.65,71.23,5,26.67,2.17,-0.51,1.66,0,0,0,-0.51,30.76,24.97,27.94,83.48,3.09
46,1995,Rep�blica Mexicana,0,1930935,-467708,1463227,463308,20.34,0,587099,69.5,75,72.24,45313877,12.29,0,119391,0,-467708,46530028,2394243,91843905,3188683,3086452,5070440,13626664,23941998,6582889,4598901,3397367,14024633,6587264,2259278,3236181,3063633,4978474,13094015,22909389,6284659,4369818,3505345,13282987,6749908,1879187,6424864,6150085,10048914,26720679,46851387,12867548,8968719,6902712,27307620,13337172,4138465,7.66,62.33,69.99,5.04,26.07,2.1,-0.51,1.59,0,0,0,-0.51,29.94,24.29,27.19,82.76,3.01
47,1996,Rep�blica Mexicana,0,1915531,-476944,1438587,461754,21,0,599906,69.96,75.37,72.66,46000753,12.68,0,122962,0,-476944,47294030,2377285,93294783,3201363,3098439,5087821,13802391,24482055,6648919,4659537,3407129,14503718,6608490,2335509,3250687,3075834,4992439,13237615,23383688,6330050,4413445,3519036,13718873,6773906,1945559,6452050,6174273,10080260,27040006,47865743,12978969,9072982,6926165,28222591,13382396,4281068,7.75,61.07,68.82,4.95,25.48,2.05,-0.51,1.54,0,0,0,-0.51,29.09,23.58,26.4,82.08,2.92
48,1997,Rep�blica Mexicana,0,1902375,-489582,1412793,459882,21,0,610352,70.36,75.85,73.09,46670680,13.11,0,120770,0,-489582,48049861,2362257,94720541,3213364,3111724,5107522,13962901,25012603,6700021,4704223,3411861,14995639,6631753,2415913,3265036,3090041,5009687,13358668,23838298,6355843,4436197,3527594,14163610,6802266,2014920,6478400,6201765,10117209,27321569,48850901,13055864,9140420,6939455,29159249,13434019,4430833,7.84,59.86,67.7,4.86,24.94,2.01,-0.52,1.49,0,0,0,-0.52,28.13,22.79,25.53,81.32,2.85
49,1998,Rep�blica Mexicana,0,1887250,-507067,1380183,460080,21.33,0,619580,70.7,76.26,73.47,47319996,13.55,0,112513,0,-507067,48796964,2347330,96116960,3224953,3126254,5131130,14115743,25540745,6745055,4740179,3407476,15500066,6654112,2499655,3278427,3104357,5029089,13460913,24277077,6370433,4445701,3526627,14617744,6831406,2086311,6503380,6230611,10160219,27576656,49817822,13115488,9185880,6934103,30117810,13485518,4585966,7.95,58.65,66.6,4.79,24.42,1.96,-0.53,1.44,0,0,0,-0.53,27.09,21.94,24.58,80.2,2.78
50,1999,Rep�blica Mexicana,0,1877253,-526193,1351060,455410,22,0,624278,71.29,76.74,74.01,47947812,14.03,0,98085,0,-526193,49534772,2332663,97482584,3236332,3140107,5155395,14255314,26061111,6784293,4769005,3393328,16018536,6672712,2587324,3291997,3118624,5049852,13541286,24694423,6376485,4445257,3516779,15079367,6859027,2160472,6528329,6258731,10205247,27796600,50755534,13160778,9214262,6910107,31097903,13531739,4747796,8.06,57.46,65.52,4.67,23.93,1.93,-0.54,1.39,0,0,0,-0.54,26,21.05,23.59,78.83,2.72
51,2000,Rep�blica Mexicana,0,1876153,-621923,1254230,445872,22,0,703535,72.04,77.41,74.73,48540384,14.55,0,81612,0,-621923,50244891,2322025,98785275,3246490,3151095,5173909,14356523,26544371,6804952,4782138,3372985,16546800,6685586,2681336,3305675,3135285,5073596,13588945,25073553,6370263,4431952,3500198,15542643,6882054,2239454,6552165,6286380,10247505,27945468,51617924,13175215,9214090,6873183,32089443,13567640,4920790,8.2,56.35,64.55,4.51,23.51,1.9,-0.63,1.27,0,0,0,-0.63,24.87,20.12,22.55,77.87,2.67
52,2001,Rep�blica Mexicana,0,1863770,-477935,1385835,449111,22.35,0,555948,72.39,77.68,75.04,49147826,15.1,0,78013,0,-477935,50957473,2312881,100105299,3256346,3163687,5195094,14444120,27015831,6825742,4794335,3351986,17086683,6692684,2780699,3319257,3159176,5113885,13651496,25464721,6387717,4433008,3479602,16011844,6897663,2322599,6575603,6322863,10308979,28095616,52480552,13213459,9227343,6831588,33098527,13590347,5103298,8.34,55.25,63.59,4.49,23.1,1.86,-0.48,1.38,0,0,0,-0.48,23.67,19.15,21.46,77.38,2.62
53,2002,Rep�blica Mexicana,0,1840247,-448688,1391559,462211,23,0,539892,72.39,77.73,75.06,49794715,15.66,0,91204,0,-448688,51699272,2302458,101493987,3268029,3180182,5224823,14544250,27501516,6864847,4820206,3335735,17640210,6692805,2882283,3334561,3186854,5167465,13747318,25886834,6442877,4462266,3459932,16488997,6904693,2406991,6602590,6367036,10392288,28291568,53388350,13307724,9282472,6795667,34129207,13597498,5289274,8.47,54.12,62.6,4.55,22.69,1.81,-0.44,1.37,0,0,0,-0.44,22.51,18.2,20.41,77.06,2.58
54,2003,Rep�blica Mexicana,0,1819219,-417801,1401418,476496,23,0,539299,72.4,77.7,75.06,50441935,16.23,0,121498,0,-417801,52448539,2295715,102890474,3281824,3196810,5255984,14643911,27983588,6912620,4853446,3325516,18202038,6682591,2985039,3352122,3209479,5214660,13841489,26301748,6509279,4504098,3443371,16970647,6898875,2492166,6633946,6406289,10470644,28485400,54285336,13421899,9357544,6768887,35172685,13581466,5477205,8.6,53.03,61.63,4.63,22.31,1.77,-0.41,1.36,0,0,0,-0.41,21.54,17.41,19.53,76.86,2.54
55,2004,Rep�blica Mexicana,0,1811135,-448651,1362484,479260,23.3,0,616802,72.77,78,75.4,51082664,16.82,0,168151,0,-448651,53189780,2290395,104272444,3295737,3210160,5281700,14731363,28446949,6959035,4887495,3318672,18769253,6662646,3091279,3371129,3225211,5247908,13921077,26695551,6571512,4548815,3431820,17457456,6881497,2580879,6666866,6435371,10529608,28652440,55142500,13530547,9436310,6750492,36226709,13544143,5672158,8.74,51.98,60.72,4.6,21.97,1.74,-0.43,1.31,0,0,0,-0.43,20.79,16.8,18.84,76.49,2.51
56,2005,Rep�blica Mexicana,0,1780241,-348814,1431427,500593,24,0,574609,72.62,77.8,75.22,51728994,17.44,0,225795,0,-348814,53940375,2280834,105669369,3307931,3223506,5306741,14818836,28903447,7007366,4924131,3314368,19341469,6640068,3200921,3388527,3239978,5275360,13998592,27078348,6630002,4594620,3426549,17947240,6857845,2673138,6696458,6463484,10582101,28817428,55981795,13637368,9518751,6740917,37288709,13497913,5874059,8.89,50.96,59.85,4.74,21.58,1.68,-0.33,1.35,0,0,0,-0.33,20.17,16.3,18.28,75.79,2.47
57,2006,Rep�blica Mexicana,0,1768431,-227859,1540572,504174,24,0,499363,72.87,78.19,75.54,52428640,18.07,0,271504,0,-227859,54726751,2272605,107155391,3317279,3242233,5340274,14931303,29375464,7068178,4970137,3313464,19915710,6621457,3314273,3402123,3265201,5319100,14122830,27496811,6709213,4655314,3428055,18436785,6835657,2768322,6719402,6507434,10659374,29054133,56872275,13777391,9625451,6741519,38352495,13457114,6082595,9.02,49.94,58.97,4.71,21.21,1.65,-0.21,1.44,0,0,0,-0.21,19.61,15.86,17.78,75.12,2.43
58,2007,Rep�blica Mexicana,0,1742316,-103950,1638366,527242,24.23,0,403805,72.67,78.01,75.35,53197386,18.71,0,299855,0,-103950,55547459,2269558,108744845,3321615,3264482,5379176,15067859,29860694,7138877,5024183,3316477,20491558,6609530,3431161,3409508,3299638,5379750,14306201,27964725,6815074,4734962,3434853,18928238,6820924,2866155,6731123,6564120,10758926,29374060,57825419,13953951,9759145,6751330,39419796,13430454,6297316,9.15,48.92,58.07,4.85,20.87,1.6,-0.1,1.51,0,0,0,-0.1,19.11,15.46,17.33,74.95,2.4
59,2008,Rep�blica Mexicana,0,1718094,-35211,1682883,551934,24.86,0,346161,72.23,78.06,75.15,54012107,19.36,0,310950,0,-35211,56393347,2270028,110405454,3319450,3286027,5419720,15221706,30351338,7218347,5084654,3321159,21067307,6606029,3550395,3409974,3336345,5450325,14537817,28468293,6945142,4831162,3441076,19416324,6816060,2964137,6729424,6622372,10870045,29759523,58819631,14163489,9915816,6762235,40483631,13422089,6514532,9.27,47.9,57.18,5,20.56,1.56,-0.03,1.52,0,0,0,-0.03,18.63,15.08,16.9,75.24,2.37
60,2009,Rep�blica Mexicana,0,1689295,7625,1696920,580721,25,0,297031,71.87,77.87,74.86,54851391,20.02,0,304656,0,7625,57243997,2270016,112095388,3311274,3301821,5456624,15379530,30833409,7301243,5146440,3323076,21640294,6609477,3672659,3405337,3366624,5520541,14797859,28988121,7091900,4937983,3442392,19899488,6820359,3062311,6716611,6668445,10977165,30177389,59821530,14393143,10084423,6765468,41539782,13429836,6734970,9.39,46.91,56.3,5.18,20.25,1.51,0.01,1.51,0,0,0,0.01,18.2,14.73,16.5,75.65,2.34
61,2010,Rep�blica Mexicana,0,1667368,-57742,1609626,602896,25,0,274381,71.64,77.89,74.75,55671595,20.69,0,216639,0,-57742,58077076,2270264,113748671,3301304,3308874,5482541,15526549,31292234,7378966,5205299,3320167,22208561,6616668,3797690,3398875,3383584,5574343,15052686,29485802,7236267,5045508,3437753,20369470,6830853,3160324,6700179,6692458,11056884,30579235,60778036,14615233,10250807,6757920,42578031,13447521,6958014,9.51,45.97,55.49,5.3,19.96,1.47,-0.05,1.42,0,0,0,-0.05,17.8,14.41,16.15,76.13,2.31
62,2011,Rep�blica Mexicana,0,1655403,-27451,1627952,613657,25.63,0,218438,71.83,78.01,74.91,56472858,21.39,0,190987,0,-27451,58894594,2269060,115367452,3294717,3307285,5494259,15659253,31727155,7449153,5262179,3314288,22773848,6622898,3928028,3393795,3389098,5607639,15295336,29960644,7372309,5153768,3429765,20832491,6842942,3261237,6688512,6696383,11101898,30954589,61687799,14821462,10415947,6744053,43606339,13465840,7189265,9.64,45.09,54.73,5.32,19.67,1.43,-0.02,1.41,0,0,0,-0.02,17.41,14.11,15.8,76.38,2.28
63,2012,Rep�blica Mexicana,0,1637905,-129378,1508527,627633,26,0,268633,72.02,78.01,75.01,57246931,22.12,0,139255,0,-129378,59688739,2265538,116935670,3292897,3298690,5493305,15774362,32134095,7508903,5314288,3306993,23332499,6624072,4063425,3390944,3385440,5620061,15510401,30401676,7488202,5253581,3421392,21293507,6850910,3368223,6683841,6684130,11113366,31284763,62535771,14997105,10567869,6728385,44626006,13474982,7431648,9.79,44.25,54.04,5.37,19.37,1.4,-0.11,1.29,0,0,0,-0.11,16.98,13.78,15.42,76.33,2.26
64,2013,Rep�blica Mexicana,0,1613226,-85227,1527999,645369,26,0,224934,72.11,77.97,75.04,57992814,22.9,0,139707,0,-85227,60461115,2258595,118453929,3293826,3287631,5483790,15871208,32514838,7554466,5358307,3298614,23886414,6619930,4203806,3391565,3378153,5618743,15697409,30811213,7579968,5339378,3412939,21753190,6852433,3480472,6685391,6665784,11102533,31568617,63326051,15134434,10697685,6711553,45639604,13472363,7684278,9.95,43.47,53.42,5.45,19.07,1.36,-0.07,1.29,0,0,0,-0.07,16.44,13.36,14.94,76.07,2.23
65,2014,Rep�blica Mexicana,0,1581693,-144640,1437053,669880,26.49,0,284675,72.06,77.83,74.95,58721525,23.7,0,140035,0,-144640,61214886,2251573,119936411,3295054,3279452,5470207,15951290,32872536,7583732,5392977,3289663,24436600,6612453,4348869,3395939,3371705,5610295,15861401,31201525,7648175,5409585,3404530,22217869,6848155,3596585,6690993,6651157,11080502,31812691,64074061,15231907,10802562,6694193,46654469,13460608,7945454,10.13,42.72,52.85,5.59,18.77,1.32,-0.12,1.2,0,0,0,-0.12,15.92,12.95,14.47,75.56,2.21
66,2015,Rep�blica Mexicana,0,1536436,-150805,1385631,701961,27,0,291090,71.85,77.56,74.71,59416305,24.52,0,140285,0,-150805,61931495,2238397,121347800,3295919,3275801,5457128,16014289,33201065,7596043,5414716,3280770,24974646,6600358,4494590,3403045,3367593,5600144,15999298,31564191,7690947,5458396,3396468,22679856,6837806,3713216,6698964,6643394,11057272,32013587,64765256,15286990,10873112,6677238,47654502,13438164,8207806,10.3,42.01,52.32,5.78,18.45,1.27,-0.12,1.14,0,0,0,-0.12,15.62,12.72,14.21,74.33,2.18
67,2016,Rep�blica Mexicana,0,1509614.003,-160201,1349413.003,714535.9974,27,1433016,294268,71.98,77.71,74.83,60090244,25.38,1433016,134067,0,-160201,62624921,2224150,122715165,3297434,3275506,5448575,16063561,33508169,7594212,5421143,3273087,25505613,6583257,4645522,3411343,3367946,5595177,16118179,31909969,7711930,5484699,3389429,23142386,6821855,3833861,6708777,6643452,11043752,32181740,65418138,15306142,10905842,6662516,48647999,13405112,8479383,10.49,41.33,51.82,5.82,18.12,1.23,-0.13,1.1,1.17,1.17,0,-0.13,15.21,12.38,13.83,72.89,2.16
68,2017,Rep�blica Mexicana,0,1473655,-169283,1304372,731834.9996,27.42,1425002,302585,72.03,77.75,74.88,60740740,26.32,1425002,133302,0,-169283,63300991,2205490,124041731,3298310,3276310,5445078,16099226,33793726,7583167,5414399,3265739,26028271,6564585,4807473,3416810,3372116,5595317,16215547,32236464,7714410,5491209,3382066,23604584,6803248,3963548,6715120,6648426,11040395,32314773,66030190,15297577,10905608,6647805,49632855,13367833,8771021,10.7,40.66,51.37,5.9,17.78,1.19,-0.14,1.05,1.15,1.15,0,-0.14,15.08,12.28,13.71,71.63,2.13
69,2018,Rep�blica Mexicana,0,1441321.5,-172880,1268441.5,745770.5005,28,1416420,306837,72.15,77.88,75,61368864,27.34,1416420,133957,0,-172880,63958933,2187092,125327797,3295544,3277769,5446250,16125775,34059608,7569667,5401186,3256125,26539389,6547462,4979943,3416002,3379187,5600601,16293826,32545443,7707141,5485727,3372671,24066311,6785964,4101786,6711546,6656956,11046851,32419601,66605051,15276808,10886913,6628796,50605700,13333426,9081729,10.94,40.01,50.95,5.95,17.45,1.15,-0.14,1.01,1.13,1.13,0,-0.14,14.72,11.98,13.38,70.5,2.1
70,2019,Rep�blica Mexicana,0,1407567.5,-175601,1231966.5,761480.5002,28,1407108,310901,72.24,77.98,75.1,61977632,28.44,1407108,135300,0,-175601,64600059,2169048,126577691,3288417,3280150,5449998,16145044,34306708,7555985,5386137,3242485,27038747,6531759,5163504,3408545,3387262,5610235,16355064,32839016,7697200,5474227,3359955,24527544,6770198,4248954,6696962,6667412,11060233,32500108,67145724,15253185,10860364,6602440,51566291,13301957,9412458,11.2,39.37,50.57,6.02,17.14,1.11,-0.14,0.97,1.11,1.11,0,-0.14,14.45,11.75,13.13,69.46,2.08
71,2020,Rep�blica Mexicana,0,1375396.996,-177638,1197758.996,775961.0038,28.45,1397484,314423,72.37,78.11,75.23,62567626,29.62,1397484,136785,0,-177638,65224660,2151358,127792286,3279593,3281686,5452680,16154979,34533408,7544688,5373694,3224331,27526664,6515977,5358231,3398396,3392818,5619968,16397187,33115635,7690013,5462863,3342650,24987746,6754694,4405327,6677989,6674504,11072648,32552166,67649043,15234701,10836557,6566981,52514410,13270671,9763558,11.48,38.75,50.23,6.07,16.83,1.08,-0.14,0.94,1.09,1.09,0,-0.14,14.08,11.45,12.8,68.53,2.05
72,2021,Rep�blica Mexicana,0,1342744.994,-179577,1163167.994,791206.006,29,1387346,317765,72.49,78.24,75.35,63139259,30.88,1387346,138188,0,-179577,65833180,2133951,128972439,3270969,3279308,5451509,16152778,34738104,7539019,5366818,3202476,28003516,6498933,5564409,3388959,3392329,5624910,16417826,33373639,7689174,5456593,3320885,25446903,6737802,4570712,6659928,6671637,11076419,32570604,68111743,15228193,10823411,6523361,53450419,13236735,10135121,11.78,38.15,49.93,6.13,16.55,1.04,-0.14,0.9,1.08,1.08,0,-0.14,13.74,11.16,12.48,67.69,2.03
73,2022,Rep�blica Mexicana,0,1310667.503,-181439,1129228.503,806107.4967,29,1376762,320758,72.62,78.38,75.49,63692767,32.23,1376762,139319,0,-181439,66425589,2116775,130118356,3262263,3272477,5446970,16140954,34922196,7539755,5365262,3178529,28466805,6479191,5782187,3380367,3385384,5623888,16420759,33614558,7694840,5456336,3296453,25901017,6718177,4745111,6642630,6657861,11070858,32561713,68536754,15234595,10821598,6474982,54367822,13197368,10527298,12.11,37.57,49.68,6.2,16.27,1.01,-0.14,0.87,1.06,1.06,0,-0.14,13.36,10.85,12.13,66.92,2.01
74,2023,Rep�blica Mexicana,0,1278360.506,-183229,1095131.506,821448.4936,29.55,1365684,323424,72.76,78.52,75.63,64228297,33.66,1365684,140195,0,-183229,67001958,2099809,131230255,3253415,3263885,5439278,16123378,35088462,7543002,5367609,3153786,28913597,6454798,6011402,3372136,3375793,5617330,16412749,33842429,7703234,5461697,3270912,26344739,6693773,4928167,6625551,6639678,11056608,32536127,68930891,15246236,10829306,6424698,55258336,13148571,10939569,12.46,37.01,49.47,6.26,16,0.97,-0.14,0.83,1.04,1.04,0,-0.14,12.98,10.54,11.79,66.21,1.99
75,2024,Rep�blica Mexicana,0,1246167.499,-184869,1061298.499,836842.5012,30,1354344,325716,72.9,78.67,75.78,64746182,35.18,1354344,140847,0,-184869,67562094,2083010,132308276,3245643,3255415,5427157,16101531,35238871,7543823,5372081,3129346,29342218,6424185,6251430,3364542,3366850,5605464,16398664,34061013,7710348,5471734,3245480,26774350,6662908,5119225,6610185,6622265,11032621,32500195,69299884,15254171,10843815,6374826,56116568,13087093,11370655,12.83,36.47,49.3,6.32,15.74,0.94,-0.14,0.8,1.02,1.02,0,-0.14,12.6,10.22,11.44,65.53,1.97
76,2025,Rep�blica Mexicana,0,1213735.001,-186239,1027496.001,852588.9995,30,1342632,327601,73.05,78.82,75.93,65246678,36.78,1342632,141362,0,-186239,68105709,2066324,133352387,3239242,3246832,5412453,16078249,35375753,7540865,5375244,3105176,29750328,6387341,6501323,3357607,3358585,5590608,16382307,34272923,7713998,5481975,3220212,27186639,6626061,5317298,6596849,6605417,11003061,32460556,69648676,15254863,10857219,6325388,56936967,13013402,11818621,13.22,35.95,49.17,6.39,15.5,0.91,-0.14,0.77,1.01,1.01,0,-0.14,12.21,9.9,11.08,64.89,1.96
77,2026,Rep�blica Mexicana,0,1181200.501,-187228,993972.5014,868566.4986,30.68,1330604,329038,73.19,78.98,76.08,65730205,38.45,1330604,141810,0,-187228,68632729,2049767,134362934,3232805,3238103,5398341,16057035,35503320,7534706,5374468,3081257,30136026,6345093,6760016,3350560,3350484,5576164,16367027,34481889,7713153,5487473,3195273,27579856,6583613,5521417,6583365,6588587,10974505,32424062,69985209,15247859,10861941,6276530,57715882,12928706,12281433,13.62,35.44,49.06,6.46,15.26,0.88,-0.14,0.74,0.99,0.99,0,-0.14,11.83,9.58,10.73,64.29,1.94
78,2027,Rep�blica Mexicana,0,1148507.497,-187941,960566.4971,884883.5029,31,1318324,330222,73.34,79.14,76.23,66196891,40.2,1318324,142281,0,-187941,69143082,2033391,135339973,3223918,3230447,5385349,16038717,35624178,7525194,5370292,3057508,30499944,6299324,7026515,3341530,3342851,5563189,16353396,34689364,7707222,5486884,3170784,27954949,6536943,5730577,6565448,6573298,10948538,32392113,70313542,15232416,10857176,6228292,58454893,12836267,12757092,14.04,34.93,48.98,6.54,15.02,0.85,-0.14,0.71,0.97,0.97,0,-0.14,11.45,9.27,10.38,63.72,1.92
79,2028,Rep�blica Mexicana,0,1115718.998,-188580,927138.9982,901518.0018,31.08,1305740,331362,73.49,79.29,76.39,66646894,42.02,1305740,142782,0,-188580,69636698,2017237,136283592,3210916,3224151,5372946,16021596,35737577,7511762,5362967,3033913,30844558,6251638,7299985,3329167,3335785,5550465,16340144,34892738,7695274,5480594,3146789,28313591,6487906,5944008,6540083,6559936,10923411,32361740,70630315,15207036,10843561,6180702,59158149,12739544,13243993,14.47,34.44,48.91,6.62,14.8,0.82,-0.14,0.68,0.96,0.96,0,-0.14,11.07,8.96,10.04,63.19,1.91
80,2029,Rep�blica Mexicana,0,1082818.998,-189268,893550.998,918528.002,31.77,1292846,332604,73.64,79.45,76.54,67080212,43.91,1292846,143336,0,-189268,70113539,2001347,137193751,3193310,3217805,5360980,16002591,35841621,7494429,5351254,3010514,31172406,6203372,7580026,3312246,3328614,5537603,16326134,35089005,7677898,5468909,3123212,28657138,6438175,6161169,6505556,6546419,10898583,32328725,70930626,15172327,10820163,6133726,59829544,12641547,13741195,14.91,33.96,48.87,6.7,14.59,0.79,-0.14,0.65,0.94,0.94,0,-0.14,10.7,8.65,9.7,62.69,1.89
81,2030,Rep�blica Mexicana,0,1049797.504,-189984,859813.5041,935909.4959,32,1279744,333907,73.79,79.61,76.7,67496667,45.87,1279744,143923,0,-189984,70573604,1985707,138070271,3171945,3209010,5347763,15978526,35933283,7475745,5336992,2987377,31484836,6155595,7866469,3290926,3319578,5523907,16308573,35273661,7658561,5454232,3099937,28987204,6388996,6381808,6462871,6528588,10871670,32287099,71206944,15134306,10791224,6087314,60472040,12544591,14248277,15.36,33.49,48.85,6.78,14.38,0.76,-0.14,0.62,0.93,0.93,0,-0.14,10.34,8.35,9.37,62.24,1.88
82,2031,Rep�blica Mexicana,0,1016638,-190739,825898.9995,953652.0005,32.14,1266386,335245,73.95,79.77,76.85,67896115,47.89,1266386,144506,0,-190739,71016854,1970290,138912969,3148442,3196143,5331193,15947865,36009848,7458384,5323334,2964526,31781682,6108226,8159370,3267031,3307405,5507385,16284046,35441702,7640071,5440091,3076845,29305483,6340395,6605806,6415473,6503548,10838578,32231911,71451550,15098455,10763425,6041371,61087165,12448621,14765176,15.82,33.04,48.86,6.87,14.18,0.73,-0.14,0.59,0.91,0.91,0,-0.14,9.98,8.06,9.04,61.84,1.87
83,2032,Rep�blica Mexicana,0,983288.4999,-191522,791766.4999,971749.5001,32.82,1252722,336598,74.1,79.93,77.01,68278436,49.98,1252722,145076,0,-191522,71443189,1955038,139721625,3124106,3178698,5309434,15909795,36069041,7441537,5310801,2941962,32061885,6061290,8459161,3242091,3290857,5486019,16250361,35588594,7622852,5427690,3053864,29612339,6292402,6833403,6366197,6469555,10795453,32160156,71657635,15064389,10738491,5995826,61674224,12353692,15292564,16.3,32.6,48.9,6.95,13.99,0.7,-0.14,0.57,0.9,0.9,0,-0.14,9.63,7.78,8.73,61.48,1.86
84,2033,Rep�blica Mexicana,0,949649.0002,-192281,757368.0002,990222.9998,33,1238852,337855,74.25,80.08,77.16,68643555,52.14,1238852,145574,0,-192281,71852514,1939872,140496069,3100049,3157497,5281359,15862913,36109459,7422733,5298871,2919751,32325176,6014786,8766332,3217297,3270058,5459004,16205990,35711097,7604861,5415915,3030982,29907889,6244987,7064817,6317346,6427555,10740363,32068903,71820556,15027594,10714786,5950733,62233065,12259773,15831149,16.79,32.2,48.99,7.05,13.81,0.68,-0.14,0.54,0.88,0.88,0,-0.14,9.29,7.5,8.42,61.13,1.84
85,2034,Rep�blica Mexicana,0,915673.5001,-192909,722764.5001,1009045.5,33.17,1224900,338912,74.4,80.24,77.32,68991421,54.36,1224900,146003,0,-192909,72244570,1924719,141235991,3076231,3134159,5247839,15806686,36130791,7401036,5287356,2897914,32571768,5968760,9081083,3192654,3246686,5426568,16151045,35807981,7584211,5404329,3008240,30192149,6198114,7299870,6268885,6380845,10674407,31957731,71938772,14985247,10691685,5906154,62763917,12166874,16380953,17.29,31.81,49.11,7.14,13.63,0.65,-0.14,0.51,0.87,0.87,0,-0.14,8.97,7.23,8.12,60.8,1.83
86,2035,Rep�blica Mexicana,0,881331.0004,-193285,688046.0004,1028195,33.84,1210694,339620,74.55,80.39,77.47,69322145,56.65,1210694,146335,0,-193285,72619125,1909526,141941270,3052666,3110001,5210747,15743156,36132990,7375343,5274597,2876409,32799833,5923241,9403060,3168272,3222192,5389809,16088239,35879022,7559697,5392080,2985701,30463124,6151729,7537862,6220938,6332193,10600556,31831395,72012012,14935040,10666677,5862110,63262957,12074970,16940922,17.81,31.45,49.26,7.24,13.45,0.62,-0.14,0.48,0.85,0.85,0,-0.14,8.65,6.97,7.83,60.47,1.82
87,2036,Rep�blica Mexicana,0,846599.9997,-193403,653196.9997,1047658,34,1196386,340012,74.7,80.55,77.62,69635757,58.99,1196386,146609,0,-193403,72975978,1894258,142611735,3029279,3086117,5171691,15674931,36116520,7344093,5258519,2855122,33007594,5878305,9731386,3144235,3197695,5350324,16020509,35924643,7529631,5377002,2963426,30718858,6105748,7777813,6173514,6283812,10522015,31695440,72041163,14873724,10635521,5818548,63726452,11984053,17509199,18.35,31.1,49.45,7.35,13.28,0.59,-0.14,0.46,0.84,0.84,0,-0.14,8.34,6.71,7.54,60.15,1.81
88,2037,Rep�blica Mexicana,0,811460.0002,-193377,618083.0002,1067419,34.18,1181904,340181,74.85,80.7,77.77,69932384,61.39,1181904,146804,0,-193377,73314893,1878879,143247277,3006072,3062474,5132011,15602052,36081750,7306856,5237319,2833933,33196220,5833998,10064761,3120589,3173187,5309618,15948382,35945024,7493357,5356926,2941445,30960518,6060179,8018152,6126661,6235661,10441629,31550434,72026774,14800213,10594245,5775378,64156738,11894177,18082913,18.89,30.78,49.67,7.45,13.12,0.57,-0.13,0.43,0.83,0.83,0,-0.13,8.04,6.47,7.27,59.85,1.8
89,2038,Rep�blica Mexicana,0,775952.0006,-193368,582584.0006,1087415.999,34.84,1167350,340318,74.99,80.85,77.92,70211924,63.82,1167350,146950,0,-193368,73635545,1863368,143847469,2983051,3039071,5092729,15523857,36029331,7263521,5209863,2812751,33368186,5790313,10401217,3097284,3148842,5268977,15871152,35940376,7451103,5330968,2919705,31191395,6015049,8256374,6080335,6187913,10361706,31395009,71969707,14714624,10540831,5732456,64559581,11805362,18657591,19.44,30.47,49.91,7.56,12.95,0.54,-0.13,0.41,0.81,0.81,0,-0.13,7.75,6.23,7,59.56,1.8
90,2039,Rep�blica Mexicana,0,740064.5002,-193372,546692.5002,1107651.5,35,1152522,340425,75.14,81.01,78.07,70474300,66.27,1152522,147053,0,-193372,73937741,1847716,144412041,2960289,3015838,5053768,15441022,35960636,7214955,5177025,2791520,33525275,5747185,10738209,3074256,3124806,5228577,15788734,35911760,7403149,5299378,2898086,31414381,5970384,8489852,6034545,6140644,10282345,31229756,71872396,14618104,10476403,5689606,64939656,11717569,19228061,19.99,30.17,50.16,7.67,12.79,0.51,-0.13,0.38,0.8,0.8,0,-0.13,7.46,6,6.75,59.28,1.79
91,2040,Rep�blica Mexicana,0,703852.5002,-193421,510431.5002,1128074.5,35.16,1137708,340540,75.29,81.15,78.22,70719259,68.73,1137708,147119,0,-193421,74221252,1831927,144940511,2937813,2992783,5015165,15353782,35875902,7163028,5140646,2770153,33669674,5704511,11073239,3051421,3101200,5188701,15701717,35859479,7350850,5263349,2876442,31631268,5926198,8716280,5989234,6093983,10203866,31055499,71735381,14513878,10403995,5646595,65300942,11630709,19789519,20.54,29.88,50.42,7.78,12.64,0.49,-0.13,0.35,0.78,0.78,0,-0.13,7.19,5.77,6.5,59.02,1.78
92,2041,Rep�blica Mexicana,0,667391.0002,-193560,473831.0002,1148627,35.82,1122830,340702,75.43,81.3,78.37,70946620,71.17,1122830,147142,0,-193560,74485949,1816018,145432569,2915618,2969929,4976901,15261662,35775089,7109316,5102344,2748596,33805083,5662151,11403118,3028761,3078067,5149555,15609856,35783975,7296132,5224644,2854585,31844766,5882440,8933300,5944379,6047996,10126456,30871518,71559064,14405448,10326988,5603181,65649849,11544591,20336418,21.07,29.6,50.67,7.9,12.49,0.46,-0.13,0.33,0.77,0.77,0,-0.13,6.93,5.56,6.26,58.78,1.77
93,2042,Rep�blica Mexicana,0,630684.5002,-193741,436943.5002,1169327.5,36,1107896,340870,75.57,81.45,78.51,71156286,73.59,1107896,147129,0,-193741,74731596,1800012,145887882,2893751,2947318,4938987,15164178,35660642,7055075,5063406,2726806,33933879,5619934,11725893,3006268,3055334,5111212,15512756,35688928,7240806,5184928,2832366,32055873,5838999,9140499,5900019,6002652,10050199,30676934,71349570,14295881,10248334,5559172,65989752,11458933,20866392,21.59,29.33,50.92,8.02,12.34,0.43,-0.13,0.3,0.76,0.76,0,-0.13,6.67,5.35,6.03,58.55,1.77
94,2043,Rep�blica Mexicana,0,593834.4999,-193907,399927.4999,1190087.5,36.12,1092906,340982,75.71,81.6,78.65,71348132,76,1092906,147075,0,-193907,74958087,1783922,146306219,2872238,2924979,4901450,15061302,35535637,7001326,5024855,2704796,34055319,5577686,12042365,2983971,3032895,5073571,15410830,35579503,7186216,5145540,2809702,32262094,5795696,9339993,5856209,5957874,9975021,30472132,71115140,14187542,10170395,5514498,66317413,11373382,21382358,22.09,29.07,51.16,8.13,12.19,0.41,-0.13,0.27,0.75,0.75,0,-0.13,6.43,5.15,5.81,58.32,1.76
95,2044,Rep�blica Mexicana,0,556907.0002,-193949,362958.0002,1210876,36.76,1077924,340934,75.85,81.74,78.8,71522220,78.41,1077924,146985,0,-193949,75165328,1767783,146687548,2851047,2902932,4864352,14953868,35402288,6948040,4986620,2682578,34167635,5535267,12353489,2961910,3010674,5036484,15304464,35459919,7132515,5106705,2786606,32460710,5752302,9534256,5812957,5913606,9900836,30258332,70862207,14080555,10093325,5469184,66628345,11287569,21887745,22.59,28.81,51.4,8.25,12.05,0.38,-0.13,0.25,0.73,0.73,0,-0.13,6.19,4.96,5.59,58.11,1.75
96,2045,Rep�blica Mexicana,0,519949.9996,-193787,326162.9996,1231666,37,1062836,340637,75.99,81.88,78.94,71678702,80.84,1062836,146850,0,-193787,75353353,1751616,147032055,2830063,2881220,4827767,14843806,35263732,6895273,4948726,2660138,34268003,5492543,12660408,2940092,2988575,4999715,15194883,35334176,7079751,5068611,2763144,32647952,5708598,9726030,5770155,5869795,9827482,30038689,70597908,13975024,10017337,5423282,66915955,11201141,22386438,23.09,28.56,51.65,8.38,11.91,0.35,-0.13,0.22,0.72,0.72,0,-0.13,5.96,4.77,5.38,57.91,1.75
97,2046,Rep�blica Mexicana,0,483049.4993,-193434,289615.4993,1252401.501,37.02,1047828,340109,76.13,82.02,79.08,71817836,83.31,1047828,146675,0,-193434,75522055,1735451,147339891,2809161,2859842,4791714,14732693,35122784,6843043,4911171,2637495,34353759,5449463,12964211,2918502,2966574,4963117,15083742,35205041,7027823,5031280,2739462,32819503,5664413,9918181,5727663,5826416,9754831,29816435,70327825,13870866,9942451,5376957,67173262,11113876,22882392,23.59,28.32,51.91,8.5,11.78,0.33,-0.13,0.2,0.71,0.71,0,-0.13,5.74,4.59,5.18,57.72,1.74
98,2047,Rep�blica Mexicana,0,446285.9999,-192958,253327.9999,1273029,37.64,1032854,339410,76.27,82.16,79.21,71939792,85.81,1032854,146452,0,-192958,75671501,1719315,147611293,2788265,2838785,4756170,14621787,34979673,6791337,4873952,2614691,34422824,5405975,13265856,2897070,2944683,4926621,14972526,35072757,6976555,4994617,2715706,32971572,5619614,10113178,5685335,5783468,9682791,29594313,70052430,13767892,9868569,5330397,67394396,11025589,23379034,24.1,28.09,52.19,8.62,11.65,0.3,-0.13,0.17,0.7,0.7,0,-0.13,5.53,4.42,4.99,57.54,1.74
99,2048,Rep�blica Mexicana,0,409709.0008,-192437,217272.0008,1293522.999,38,1017914,338625,76.4,82.3,79.35,72044854,88.38,1017914,146188,0,-192437,75801679,1703232,147846533,2767313,2817924,4721046,14512032,34832658,6740219,4837097,2591773,34473797,5362040,13565813,2875695,2922935,4890244,14862340,34936620,6925715,4958406,2691970,33101379,5574185,10312989,5643008,5740859,9611290,29374372,69769278,13665934,9795503,5283743,67575176,10936225,23878802,24.63,27.87,52.5,8.75,11.52,0.28,-0.13,0.15,0.69,0.69,0,-0.13,5.33,4.25,4.8,57.37,1.73
100,2049,Rep�blica Mexicana,0,373398.4991,-191896,181502.4991,1313825.501,38,1003028,337780,76.54,82.44,79.49,72133125,91.01,1003028,145884,0,-191896,75912760,1687224,148045885,2746225,2797162,4686267,14403357,34679584,6689765,4800660,2568770,34506506,5317691,13864459,2854239,2901362,4854055,14753142,34795778,6875111,4922418,2668314,33207897,5528189,10518811,5600464,5698524,9540322,29156499,69475362,13564876,9723078,5237084,67714403,10845880,24383270,25.17,27.66,52.83,8.87,11.4,0.25,-0.13,0.12,0.68,0.68,0,-0.13,5.13,4.09,4.62,57.21,1.73
101,2050,Rep�blica Mexicana,0,337414.4999,-191410,146004.4999,1333912.5,38.46,988192,336953,76.67,82.57,79.62,72204750,93.71,988192,145543,0,-191410,76004844,1671327,148209594,2724939,2776398,4651666,14295694,34519150,6640002,4764734,2545706,34520907,5272945,14161979,2832563,2879959,4818136,14644987,34648793,6824700,4886523,2644719,33290823,5481726,10731118,5557502,5656357,9469802,28940681,69167943,13464702,9651257,5190425,67811730,10754671,24893097,25.73,27.46,53.18,9,11.28,0.23,-0.13,0.1,0.67,0.67,0,-0.13,4.94,3.94,4.45,57.06,1.72
